tiempo_key,sucursal_key,producto_key,cliente_key,pago_key,Quantity,Sales,Tax 5%,cogs,gross income,Rating
1,1,1,1,1,7,548.9715,26.1415,522.83,26.1415,9.1
2,2,2,2,2,5,80.22,3.82,76.4,3.82,9.6
3,1,3,2,3,7,340.5255,16.2155,324.31,16.2155,7.4
4,1,4,1,1,8,489.048,23.288,465.76,23.288,8.4
5,1,5,1,1,7,634.3785,30.2085,604.17,30.2085,5.3
6,2,6,1,1,7,627.6165,29.8865,597.73,29.8865,4.1
7,1,7,1,1,6,433.692,20.652,413.04,20.652,5.8
8,2,8,1,1,10,772.38,36.78,735.6,36.78,8.0
9,1,9,1,3,2,76.146,3.626,72.52,3.626,7.2
10,3,10,1,3,3,172.746,8.226,164.52,8.226,5.9
11,3,11,1,1,4,60.816,2.896,57.92,2.896,4.5
12,3,12,1,2,4,107.142,5.102,102.04,5.102,6.8
13,1,13,1,1,5,246.4875,11.7375,234.75,11.7375,7.1
14,1,14,1,1,10,453.495,21.595,431.9,21.595,8.2
15,1,15,1,2,10,749.49,35.69,713.8,35.69,5.7
16,3,16,1,2,6,590.436,28.116,562.32,28.116,4.5
17,1,17,1,3,7,506.6355,24.1255,482.51,24.1255,4.6
18,1,18,1,3,6,457.443,21.783,435.66,21.783,6.9
19,1,19,1,3,3,172.2105,8.2005,164.01,8.2005,8.6
17,3,20,1,1,2,84.63,4.03,80.6,4.03,4.4
7,2,21,1,1,5,451.71,21.51,430.2,21.51,4.8
20,3,22,1,1,3,277.137,13.197,263.94,13.197,5.1
21,3,23,1,3,2,69.72,3.32,66.4,3.32,4.4
22,1,24,1,1,5,181.44,8.64,172.8,8.64,9.9
23,1,25,1,1,3,279.1845,13.2945,265.89,13.2945,6.0
24,1,26,1,3,8,441.756,21.036,420.72,21.036,8.5
5,3,27,1,2,1,35.196,1.676,33.52,1.676,6.7
25,1,28,1,3,2,184.107,8.767,175.34,8.767,7.7
26,3,29,1,2,5,463.89,22.09,441.8,22.09,9.6
21,1,30,1,2,9,235.2105,11.2005,224.01,11.2005,7.4
7,3,31,1,3,5,494.1825,23.5325,470.65,23.5325,4.8
27,3,32,1,2,9,737.7615,35.1315,702.63,35.1315,4.5
9,3,33,1,2,8,703.752,33.512,670.24,33.512,5.1
21,1,34,1,3,2,202.818,9.658,193.16,9.658,5.1
11,2,35,1,1,4,417.564,19.884,397.68,19.884,7.5
28,2,36,1,1,1,71.526,3.406,68.12,3.406,6.8
25,1,37,1,1,5,328.755,15.655,313.1,15.655,7.0
16,1,38,1,1,9,575.316,27.396,547.92,27.396,4.7
29,2,39,1,1,8,461.328,21.968,439.36,21.968,7.6
3,3,40,1,2,8,253.008,12.048,240.96,12.048,7.7
30,3,41,1,1,1,91.056,4.336,86.72,4.336,7.9
31,2,42,1,2,2,117.831,5.611,112.22,5.611,6.3
5,3,43,1,2,6,435.456,20.736,414.72,20.736,5.6
32,2,44,1,2,8,829.08,39.48,789.6,39.48,7.6
33,2,45,1,2,2,32.277,1.537,30.74,1.537,7.2
12,3,46,1,2,4,394.632,18.792,375.84,18.792,9.5
34,3,47,1,3,9,535.7205,25.5105,510.21,25.5105,8.4
11,3,48,1,1,9,189.0945,9.0045,180.09,9.0045,4.1
35,3,49,1,3,6,119.259,5.679,113.58,5.679,8.1
36,2,50,1,1,10,867.615,41.315,826.3,41.315,7.9
37,2,51,1,2,7,671.79,31.99,639.8,31.99,9.5
35,1,52,1,2,5,234.0975,11.1475,222.95,11.1475,8.5
24,3,53,1,1,4,75.054,3.574,71.48,3.574,6.5
26,2,54,1,3,1,16.2015,0.7715,15.43,0.7715,6.1
38,3,55,1,1,2,33.936,1.616,32.32,1.616,6.5
39,2,56,1,2,8,722.232,34.392,687.84,34.392,8.2
40,1,57,1,2,2,93.114,4.434,88.68,4.434,5.8
14,1,58,1,1,8,752.64,35.84,716.8,35.84,6.6
41,1,59,1,2,10,759.675,36.175,723.5,36.175,5.4
42,2,60,1,2,6,192.843,9.183,183.66,9.183,9.3
43,2,61,1,3,3,77.931,3.711,74.22,3.711,10.0
8,2,62,1,1,6,351.099,16.719,334.38,16.719,7.0
37,3,63,1,1,9,520.4115,24.7815,495.63,24.7815,10.0
44,1,64,1,3,10,166.005,7.905,158.1,7.905,8.6
45,3,65,1,2,4,318.108,15.148,302.96,15.148,7.6
46,1,66,1,2,10,166.635,7.935,158.7,7.935,5.8
35,2,67,1,1,2,70.287,3.347,66.94,3.347,6.7
28,3,68,1,1,6,614.943,29.283,585.66,29.283,9.9
47,1,69,1,2,10,827.085,39.385,787.7,39.385,6.4
31,1,70,1,2,1,19.2465,0.9165,18.33,0.9165,4.3
48,2,71,1,3,10,939.54,44.74,894.8,44.74,9.6
49,2,72,1,2,10,652.26,31.06,621.2,31.06,5.9
20,3,73,1,1,3,152.838,7.278,145.56,7.278,4.0
12,2,74,1,2,6,478.233,22.773,455.46,22.773,8.7
50,1,75,1,1,9,705.6315,33.6015,672.03,33.6015,9.4
51,2,76,1,3,10,437.325,20.825,416.5,20.825,5.4
52,2,77,1,3,9,463.428,22.068,441.36,22.068,8.6
53,1,78,1,3,9,189.0945,9.0045,180.09,9.0045,5.7
20,2,79,1,1,10,822.255,39.155,783.1,39.155,6.6
50,2,80,1,2,5,106.995,5.095,101.9,5.095,6.0
19,2,81,1,3,6,624.897,29.757,595.14,29.757,5.5
54,3,82,1,1,3,304.542,14.502,290.04,14.502,6.4
55,2,83,1,1,8,161.7,7.7,154.0,7.7,6.6
56,2,84,1,3,4,337.512,16.072,321.44,16.072,8.3
12,2,85,1,2,5,256.7775,12.2275,244.55,12.2275,6.6
20,2,86,1,1,7,610.491,29.071,581.42,29.071,4.0
6,2,87,1,2,5,401.73,19.13,382.6,19.13,9.9
40,1,88,1,3,7,362.943,17.283,345.66,17.283,7.3
57,1,89,1,2,1,44.5935,2.1235,42.47,2.1235,5.7
34,3,90,1,2,6,485.037,23.097,461.94,23.097,6.1
55,2,91,1,2,4,198.996,9.476,189.52,9.476,7.1
54,2,92,1,1,10,471.03,22.43,448.6,22.43,8.2
9,1,93,1,1,7,161.553,7.693,153.86,7.693,5.1
42,3,94,1,3,9,608.202,28.962,579.24,28.962,8.6
11,2,95,1,3,1,94.2375,4.4875,89.75,4.4875,6.6
2,1,96,1,1,1,102.018,4.858,97.16,4.858,7.2
15,3,97,1,1,10,922.635,43.935,878.7,43.935,5.1
58,2,98,1,2,6,78.435,3.735,74.7,3.735,4.1
29,1,99,1,1,3,166.1625,7.9125,158.25,7.9125,9.3
20,3,100,1,2,6,521.01,24.81,496.2,24.81,7.4
59,2,101,1,2,1,51.1455,2.4355,48.71,2.4355,4.1
60,2,102,1,2,9,742.2975,35.3475,706.95,35.3475,7.2
61,2,103,1,2,9,218.0115,10.3815,207.63,10.3815,4.9
62,1,104,1,2,6,367.038,17.478,349.56,17.478,9.9
36,3,105,1,2,7,223.0725,10.6225,212.45,10.6225,8.0
53,1,106,1,1,10,931.035,44.335,886.7,44.335,7.3
1,2,107,1,3,6,172.494,8.214,164.28,8.214,7.9
24,1,108,1,2,6,391.419,18.639,372.78,18.639,7.4
63,2,109,1,2,9,321.111,15.291,305.82,15.291,4.2
3,2,110,1,2,10,860.685,40.985,819.7,40.985,9.2
64,3,111,1,1,2,34.629,1.649,32.98,1.649,4.6
64,2,112,1,3,3,309.3615,14.7315,294.63,14.7315,7.8
43,3,113,1,2,7,535.374,25.494,509.88,25.494,8.4
65,1,114,1,1,9,548.7615,26.1315,522.63,26.1315,4.3
61,2,115,1,3,9,763.4655,36.3555,727.11,36.3555,9.5
23,2,116,1,3,3,85.113,4.053,81.06,4.053,7.1
20,3,117,1,1,5,115.185,5.485,109.7,5.485,5.3
66,3,118,1,1,1,53.928,2.568,51.36,2.568,5.2
31,1,119,1,1,10,115.08,5.48,109.6,5.48,6.0
41,3,120,1,1,2,112.224,5.344,106.88,5.344,4.1
45,1,121,1,3,8,836.304,39.824,796.48,39.824,5.2
53,2,122,1,3,7,419.832,19.992,399.84,19.992,6.5
12,3,123,1,3,9,944.622,44.982,899.64,44.982,4.2
46,2,124,1,3,8,536.844,25.564,511.28,25.564,4.6
12,3,125,1,1,8,474.348,22.588,451.76,22.588,7.3
25,1,126,1,3,7,688.6215,32.7915,655.83,32.7915,4.5
4,1,127,1,2,5,169.3125,8.0625,161.25,8.0625,9.0
67,2,128,1,3,9,299.8485,14.2785,285.57,14.2785,5.9
67,2,129,1,1,8,575.736,27.416,548.32,27.416,8.5
5,3,130,1,1,9,853.146,40.626,812.52,40.626,7.2
26,3,131,2,2,7,291.207,13.867,277.34,13.867,7.5
44,1,132,1,2,6,580.419,27.639,552.78,27.639,8.3
35,3,133,2,2,4,146.328,6.968,139.36,6.968,7.4
22,3,134,1,3,6,550.935,26.235,524.7,26.235,8.8
2,2,135,2,1,6,512.19,24.39,487.8,24.39,5.3
68,2,136,2,2,3,284.193,13.533,270.66,13.533,6.2
69,1,137,2,3,5,138.1275,6.5775,131.55,6.5775,8.8
68,1,138,1,2,6,216.846,10.326,206.52,10.326,9.8
70,3,139,2,2,10,545.055,25.955,519.1,25.955,8.2
33,1,140,2,1,8,609.0,29.0,580.0,29.0,9.2
55,2,141,1,3,10,942.9,44.9,898.0,44.9,5.4
26,2,142,3,2,10,950.25,45.25,905.0,45.25,8.1
64,2,143,1,2,10,720.3,34.3,686.0,34.3,9.1
71,2,144,1,3,1,31.9305,1.5205,30.41,1.5205,8.4
19,1,145,2,1,6,491.085,23.385,467.7,23.385,8.0
2,2,146,2,3,6,291.438,13.878,277.56,13.878,9.5
35,1,147,1,1,10,316.47,15.07,301.4,15.07,9.2
36,2,148,4,3,4,277.788,13.228,264.56,13.228,5.6
44,3,149,3,3,8,603.624,28.744,574.88,28.744,6.2
40,1,150,4,3,8,272.664,12.984,259.68,12.984,4.9
29,3,151,1,3,4,384.468,18.308,366.16,18.308,4.8
17,2,152,3,3,7,254.016,12.096,241.92,12.096,7.3
72,1,153,4,3,9,786.618,37.458,749.16,37.458,7.4
14,2,154,2,1,6,103.824,4.944,98.88,4.944,9.9
27,2,155,2,2,8,680.148,32.388,647.76,32.388,9.3
10,1,156,3,3,5,484.5225,23.0725,461.45,23.0725,9.0
73,3,157,3,2,1,75.7785,3.6085,72.17,3.6085,6.1
38,3,158,4,1,5,263.97,12.57,251.4,12.57,9.7
74,3,159,3,1,9,918.729,43.749,874.98,43.749,6.0
40,3,160,4,1,6,588.357,28.017,560.34,28.017,10.0
65,2,161,2,3,8,362.712,17.272,345.44,17.272,8.3
7,1,162,4,2,1,66.8745,3.1845,63.69,3.1845,6.0
46,1,163,4,3,7,336.5565,16.0265,320.53,16.0265,7.0
75,2,164,4,1,2,160.44,7.64,152.8,7.64,6.5
10,3,165,4,3,10,418.95,19.95,399.0,19.95,5.9
7,3,166,3,1,8,357.588,17.028,340.56,17.028,5.6
66,2,167,4,2,10,1003.59,47.79,955.8,47.79,4.8
5,1,168,4,3,10,1039.29,49.49,989.8,49.49,8.7
65,1,169,4,2,6,323.064,15.384,307.68,15.384,6.5
61,1,170,3,3,7,510.972,24.332,486.64,24.332,8.5
76,1,171,4,1,5,367.5525,17.5025,350.05,17.5025,5.5
54,3,172,3,3,5,420.2625,20.0125,400.25,20.0125,9.4
3,2,173,4,2,8,175.14,8.34,166.8,8.34,6.3
65,3,174,3,3,6,333.207,15.867,317.34,15.867,9.8
69,3,175,4,1,8,166.236,7.916,158.32,7.916,8.7
77,1,176,3,1,9,319.788,15.228,304.56,15.228,8.8
3,1,177,3,3,8,186.228,8.868,177.36,8.868,9.6
78,2,178,2,3,7,165.4485,7.8785,157.57,7.8785,4.8
29,1,179,4,1,6,465.444,22.164,443.28,22.164,4.4
27,2,180,3,1,3,273.42,13.02,260.4,13.02,9.9
58,2,181,4,2,7,472.311,22.491,449.82,22.491,5.7
55,2,182,3,2,8,323.148,15.388,307.76,15.388,7.7
29,1,183,3,1,10,162.75,7.75,155.0,7.75,8.0
26,2,184,4,1,8,288.204,13.724,274.48,13.724,5.7
32,1,185,2,3,7,90.699,4.319,86.38,4.319,6.7
20,3,186,3,1,3,56.952,2.712,54.24,2.712,8.0
3,3,187,1,1,8,793.716,37.796,755.92,37.796,7.5
5,3,188,3,2,4,195.174,9.294,185.88,9.294,7.0
35,1,189,4,1,1,77.7735,3.7035,74.07,3.7035,9.9
27,2,190,2,3,4,293.202,13.962,279.24,13.962,5.9
49,3,191,2,3,3,242.676,11.556,231.12,11.556,7.2
16,3,192,2,1,2,154.392,7.352,147.04,7.352,4.6
33,2,193,2,2,9,829.71,39.51,790.2,39.51,9.2
54,3,194,4,1,4,107.31,5.11,102.2,5.11,5.7
36,1,195,4,3,5,171.7275,8.1775,163.55,8.1775,9.9
51,2,196,1,2,1,78.0045,3.7145,74.29,3.7145,5.0
59,2,197,3,2,2,91.77,4.37,87.4,4.37,4.9
29,1,198,2,1,1,26.5545,1.2645,25.29,1.2645,6.1
42,2,199,4,3,4,174.3,8.3,166.0,8.3,8.2
22,2,200,1,3,5,374.7975,17.8475,356.95,17.8475,5.5
72,2,201,1,3,6,120.645,5.745,114.9,5.745,6.8
21,3,202,1,2,4,241.458,11.498,229.96,11.498,6.6
79,2,203,4,2,7,451.3635,21.4935,429.87,21.4935,9.8
11,3,204,3,1,10,271.95,12.95,259.0,12.95,8.7
43,3,205,3,3,5,93.2925,4.4425,88.85,4.4425,5.4
76,1,206,2,1,9,217.6335,10.3635,207.27,10.3635,7.9
73,2,207,1,3,9,629.8425,29.9925,599.85,29.9925,9.7
80,2,208,1,1,10,299.565,14.265,285.3,14.265,7.8
62,3,209,2,1,3,95.6655,4.5555,91.11,4.5555,5.1
23,3,210,2,3,9,942.4485,44.8785,897.57,44.8785,6.5
26,1,211,4,1,9,247.8735,11.8035,236.07,11.8035,5.9
66,2,212,2,2,9,881.307,41.967,839.34,41.967,8.8
81,3,213,4,1,5,484.89,23.09,461.8,23.09,4.9
73,3,214,4,3,3,146.223,6.963,139.26,6.963,4.4
17,3,215,1,2,7,217.6335,10.3635,207.27,10.3635,6.5
24,1,216,4,3,1,19.194,0.914,18.28,0.914,8.3
63,3,217,2,2,5,130.0425,6.1925,123.85,6.1925,8.5
82,1,218,1,2,3,298.116,14.196,283.92,14.196,5.5
13,3,219,4,1,8,796.908,37.948,758.96,37.948,8.7
25,3,220,2,3,3,180.621,8.601,172.02,8.601,7.9
83,3,221,4,1,6,285.705,13.605,272.1,13.605,6.1
44,3,222,4,1,7,456.288,21.728,434.56,21.728,5.4
22,2,223,4,2,5,62.0025,2.9525,59.05,2.9525,9.4
82,2,224,1,2,1,13.167,0.627,12.54,0.627,8.2
81,1,225,4,2,2,90.825,4.325,86.5,4.325,6.2
84,2,226,1,3,2,183.036,8.716,174.32,8.716,9.7
54,3,227,3,1,9,655.5465,31.2165,624.33,31.2165,4.0
83,2,228,3,1,4,155.652,7.412,148.24,7.412,9.7
85,3,229,1,2,6,571.41,27.21,544.2,27.21,5.3
17,1,230,2,1,8,532.728,25.368,507.36,25.368,7.4
54,3,231,2,2,2,170.877,8.137,162.74,8.137,6.5
42,3,232,1,3,3,33.3585,1.5885,31.77,1.5885,8.7
49,3,233,2,2,9,794.6505,37.8405,756.81,37.8405,8.0
82,3,234,3,2,4,310.044,14.764,295.28,14.764,6.7
12,1,235,3,1,10,545.37,25.97,519.4,25.97,6.5
41,1,236,2,1,2,195.594,9.314,186.28,9.314,4.1
27,2,237,4,3,5,91.4025,4.3525,87.05,4.3525,4.9
20,2,238,1,3,5,232.155,11.055,221.1,11.055,8.6
23,3,239,1,2,5,69.405,3.305,66.1,3.305,4.3
84,1,240,4,1,1,94.1745,4.4845,89.69,4.4845,4.9
84,1,241,4,3,9,235.683,11.223,224.46,11.223,5.6
17,1,242,4,3,2,125.517,5.977,119.54,5.977,5.8
39,2,243,3,3,2,195.72,9.32,186.4,9.32,6.0
1,1,244,3,2,4,263.13,12.53,250.6,12.53,4.2
31,3,245,4,3,8,788.508,37.548,750.96,37.548,8.3
18,1,246,3,2,8,399.756,19.036,380.72,19.036,5.7
58,3,247,1,2,3,256.41,12.21,244.2,12.21,4.8
55,1,248,3,1,5,94.185,4.485,89.7,4.485,6.8
28,1,249,3,3,4,326.424,15.544,310.88,15.544,8.8
79,3,250,4,3,7,536.991,25.571,511.42,25.571,4.2
31,3,251,3,1,9,439.8975,20.9475,418.95,20.9475,6.4
86,2,252,3,3,10,369.495,17.595,351.9,17.595,8.4
23,2,253,2,3,2,30.219,1.439,28.78,1.439,7.2
33,1,254,4,2,4,99.75,4.75,95.0,4.75,5.2
48,1,255,3,2,8,494.76,23.56,471.2,23.56,8.9
72,3,256,3,2,4,137.004,6.524,130.48,6.524,9.0
83,1,257,3,3,1,69.6675,3.3175,66.35,3.3175,9.7
64,1,258,3,1,6,163.233,7.773,155.46,7.773,8.7
78,1,259,3,1,4,135.45,6.45,129.0,6.45,6.5
14,2,260,3,3,4,276.948,13.188,263.76,13.188,6.9
36,1,261,2,1,9,709.317,33.777,675.54,33.777,6.2
38,2,262,2,1,4,69.09,3.29,65.8,3.29,5.6
46,3,263,1,2,4,160.86,7.66,153.2,7.66,5.7
58,1,264,1,2,10,233.52,11.12,222.4,11.12,4.2
85,3,265,4,1,1,57.1725,2.7225,54.45,2.7225,7.9
42,1,266,1,3,7,723.24,34.44,688.8,34.44,8.7
87,2,267,4,3,4,148.974,7.094,141.88,7.094,6.9
67,3,268,1,2,10,783.3,37.3,746.0,37.3,9.5
1,1,269,3,3,4,297.108,14.148,282.96,14.148,4.4
73,1,270,1,1,10,373.17,17.77,355.4,17.77,7.0
44,3,271,2,1,5,354.0075,16.8575,337.15,16.8575,6.3
76,2,272,1,2,2,44.352,2.112,42.24,2.112,9.7
28,1,273,1,3,9,203.553,9.693,193.86,9.693,8.8
4,1,274,2,2,2,25.263,1.203,24.06,1.203,5.1
85,3,275,2,1,6,628.173,29.913,598.26,29.913,7.9
28,3,276,4,2,7,352.5795,16.7895,335.79,16.7895,6.2
28,2,277,1,2,10,229.11,10.91,218.2,10.91,7.1
31,2,278,2,1,4,400.764,19.084,381.68,19.084,6.4
81,2,279,3,2,10,745.395,35.495,709.9,35.495,5.7
81,1,280,3,3,10,462.21,22.01,440.2,22.01,9.6
43,1,281,2,3,8,587.664,27.984,559.68,27.984,6.4
44,2,282,4,3,1,38.85,1.85,37.0,1.85,7.9
48,1,283,2,2,1,16.107,0.767,15.34,0.767,6.5
32,1,284,3,1,6,628.929,29.949,598.98,29.949,8.5
42,1,285,1,2,4,200.214,9.534,190.68,9.534,9.1
10,3,286,4,2,5,350.07,16.67,333.4,16.67,7.6
63,2,287,3,2,1,78.603,3.743,74.86,3.743,6.9
83,2,288,2,2,9,224.4375,10.6875,213.75,10.6875,9.5
26,3,289,2,3,7,356.5485,16.9785,339.57,16.9785,5.2
37,1,290,1,2,7,697.368,33.208,664.16,33.208,4.2
47,3,291,3,3,10,423.15,20.15,403.0,20.15,7.0
87,2,292,4,1,7,204.6975,9.7475,194.95,9.7475,6.0
68,1,293,1,2,1,65.604,3.124,62.48,3.124,4.7
19,1,294,1,2,2,76.356,3.636,72.72,3.636,7.1
46,3,295,4,1,10,190.155,9.055,181.1,9.055,5.9
3,2,296,1,2,5,272.58,12.98,259.6,12.98,7.5
15,2,297,4,2,4,121.128,5.768,115.36,5.768,6.4
9,1,298,3,1,6,493.794,23.514,470.28,23.514,5.8
26,1,299,3,2,4,252.042,12.002,240.04,12.002,4.5
65,2,300,1,2,1,93.0405,4.4305,88.61,4.4305,7.7
57,2,301,4,3,2,209.622,9.982,199.64,9.982,6.7
42,3,302,3,3,1,40.9605,1.9505,39.01,1.9505,4.7
7,2,303,4,2,1,51.0405,2.4305,48.61,2.4305,4.4
80,1,304,2,3,4,214.998,10.238,204.76,10.238,4.7
56,3,305,2,2,8,125.664,5.984,119.68,5.984,8.6
59,1,306,3,1,7,530.67,25.27,505.4,25.27,4.3
74,1,307,2,2,7,295.6905,14.0805,281.61,14.0805,9.6
22,1,308,1,2,8,745.836,35.516,710.32,35.516,4.1
77,1,309,1,1,3,83.412,3.972,79.44,3.972,4.7
20,1,310,2,2,2,172.011,8.191,163.82,8.191,7.8
83,3,311,3,2,6,503.559,23.979,479.58,23.979,5.5
64,2,312,3,1,2,145.593,6.933,138.66,6.933,9.7
61,1,313,1,3,5,74.7075,3.5575,71.15,3.5575,4.4
38,1,314,1,2,9,146.9475,6.9975,139.95,6.9975,5.0
35,2,315,1,2,10,820.365,39.065,781.3,39.065,4.4
45,2,316,3,2,2,208.677,9.937,198.74,9.937,5.2
58,2,317,1,2,3,66.402,3.162,63.24,3.162,7.3
9,2,318,3,2,5,392.6475,18.6975,373.95,18.6975,4.9
17,2,319,1,3,7,218.0745,10.3845,207.69,10.3845,8.1
68,2,320,3,1,4,185.094,8.814,176.28,8.814,8.4
85,2,321,2,2,9,216.6885,10.3185,206.37,10.3185,5.5
69,2,322,2,2,1,41.391,1.971,39.42,1.971,8.4
43,1,323,4,1,6,96.138,4.578,91.56,4.578,9.8
2,1,324,2,2,5,324.2925,15.4425,308.85,15.4425,6.7
30,1,325,4,3,6,135.576,6.456,129.12,6.456,9.4
42,3,326,4,1,4,410.508,19.548,390.96,19.548,6.4
12,1,327,3,2,5,523.845,24.945,498.9,24.945,5.4
42,2,328,3,2,4,395.892,18.852,377.04,18.852,8.6
26,3,329,3,3,4,214.746,10.226,204.52,10.226,4.0
6,1,330,3,2,4,152.712,7.272,145.44,7.272,7.6
14,3,331,4,2,9,208.089,9.909,198.18,9.909,6.8
22,1,332,4,3,3,103.635,4.935,98.7,4.935,9.1
37,1,333,4,2,5,404.355,19.255,385.1,19.255,5.5
87,1,334,3,3,2,49.308,2.348,46.96,2.348,7.9
63,2,335,3,1,5,77.175,3.675,73.5,3.675,8.5
77,1,336,1,3,5,149.3625,7.1125,142.25,7.1125,9.1
36,1,337,4,1,9,721.98,34.38,687.6,34.38,7.5
8,3,338,2,2,6,365.085,17.385,347.7,17.385,5.2
62,2,339,2,3,3,150.0975,7.1475,142.95,7.1475,9.5
64,3,340,1,3,9,404.649,19.269,385.38,19.269,8.9
35,3,341,3,3,3,151.4835,7.2135,144.27,7.2135,7.8
20,3,342,1,1,7,411.3795,19.5895,391.79,19.5895,8.9
43,3,343,1,2,7,565.215,26.915,538.3,26.915,7.7
75,2,344,2,1,5,509.4075,24.2575,485.15,24.2575,9.3
45,1,345,4,2,3,140.6475,6.6975,133.95,6.6975,6.2
34,1,346,2,1,9,736.4385,35.0685,701.37,35.0685,7.6
88,1,347,3,2,1,75.5475,3.5975,71.95,3.5975,7.3
41,2,348,1,2,8,749.7,35.7,714.0,35.7,4.7
62,1,349,4,2,7,191.247,9.107,182.14,9.107,5.1
34,3,350,2,3,10,141.75,6.75,135.0,6.75,4.8
43,2,351,1,3,10,1042.65,49.65,993.0,49.65,6.6
54,1,352,4,2,7,379.9215,18.0915,361.83,18.0915,5.5
87,3,353,1,3,7,402.2655,19.1555,383.11,19.1555,8.5
23,3,354,3,2,9,255.15,12.15,243.0,12.15,4.8
32,2,355,2,2,1,31.752,1.512,30.24,1.512,8.4
28,3,356,1,3,4,374.388,17.828,356.56,17.828,7.8
2,2,357,2,3,10,394.275,18.775,375.5,18.775,9.3
52,2,358,2,2,10,1002.12,47.72,954.4,47.72,5.2
60,3,359,4,1,3,86.625,4.125,82.5,4.125,6.5
33,3,360,4,2,1,78.7185,3.7485,74.97,3.7485,5.6
22,1,361,3,3,8,680.064,32.384,647.68,32.384,7.4
34,2,362,2,2,8,793.548,37.788,755.76,37.788,9.1
38,2,363,4,1,2,209.559,9.979,199.58,9.979,8.0
19,1,364,4,2,6,461.286,21.966,439.32,21.966,7.2
89,2,365,2,2,4,173.208,8.248,164.96,8.248,7.1
48,2,366,2,2,4,343.056,16.336,326.72,16.336,9.1
87,2,367,2,2,9,484.974,23.094,461.88,23.094,5.6
63,1,368,3,2,4,276.948,13.188,263.76,13.188,6.0
4,2,369,2,2,10,150.78,7.18,143.6,7.18,5.4
44,1,370,3,3,9,203.175,9.675,193.5,9.675,7.8
31,3,371,1,2,7,193.011,9.191,183.82,9.191,9.9
26,3,372,2,3,2,128.016,6.096,121.92,6.096,4.9
87,2,373,2,1,6,441.693,21.033,420.66,21.033,5.2
72,2,374,4,2,6,265.104,12.624,252.48,12.624,8.9
76,1,375,2,3,5,352.2225,16.7725,335.45,16.7725,9.1
79,1,376,1,1,5,507.675,24.175,483.5,24.175,7.0
1,3,377,1,3,9,334.341,15.921,318.42,15.921,9.6
71,2,378,4,1,7,701.8515,33.4215,668.43,33.4215,8.7
11,2,379,3,1,4,407.316,19.396,387.92,19.396,9.4
75,3,380,2,3,4,99.33,4.73,94.6,4.73,4.0
84,1,381,3,3,4,345.786,16.466,329.32,16.466,7.5
36,2,382,2,2,2,55.881,2.661,53.22,2.661,4.2
79,3,383,2,2,5,523.3725,24.9225,498.45,24.9225,9.9
60,2,384,1,1,4,314.538,14.978,299.56,14.978,4.2
48,1,385,2,1,5,214.935,10.235,204.7,10.235,9.9
83,3,386,3,2,1,79.611,3.791,75.82,3.791,5.8
17,2,387,4,2,6,294.651,14.031,280.62,14.031,6.0
10,1,388,2,3,10,339.36,16.16,323.2,16.16,10.0
4,2,389,1,1,9,510.9615,24.3315,486.63,24.3315,9.5
25,3,390,4,3,7,133.917,6.377,127.54,6.377,6.6
43,2,391,1,2,3,253.512,12.072,241.44,12.072,8.1
54,3,392,2,2,10,398.475,18.975,379.5,18.975,9.7
78,1,393,3,1,1,80.661,3.841,76.82,3.841,7.2
12,1,394,1,3,10,548.73,26.13,522.6,26.13,6.2
44,1,395,2,1,1,83.727,3.987,79.74,3.987,7.3
47,1,396,2,1,5,406.875,19.375,387.5,19.375,4.3
46,1,397,2,1,5,284.9175,13.5675,271.35,13.5675,4.6
21,3,398,4,2,9,128.4255,6.1155,122.31,6.1155,5.8
20,3,399,1,3,6,258.678,12.318,246.36,12.318,8.3
32,3,400,3,2,9,181.818,8.658,173.16,8.658,8.0
6,2,401,2,3,6,248.409,11.829,236.58,11.829,9.4
42,2,402,4,3,4,194.124,9.244,184.88,9.244,6.2
88,2,403,3,1,1,14.679,0.699,13.98,0.699,9.8
71,3,404,2,1,5,208.6875,9.9375,198.75,9.9375,9.6
70,2,405,1,1,7,718.7565,34.2265,684.53,34.2265,4.9
65,1,406,3,3,4,282.492,13.452,269.04,13.452,8.0
84,1,407,4,3,5,72.3975,3.4475,68.95,3.4475,7.8
73,3,408,1,2,4,288.582,13.742,274.84,13.742,4.1
32,1,409,2,1,4,237.426,11.306,226.12,11.306,5.5
27,2,410,2,1,5,125.055,5.955,119.1,5.955,5.4
57,3,411,2,2,10,359.205,17.105,342.1,17.105,5.1
26,3,412,4,1,2,45.927,2.187,43.74,2.187,6.9
73,1,413,3,2,5,110.0925,5.2425,104.85,5.2425,7.8
25,1,414,4,1,3,81.396,3.876,77.52,3.876,6.6
24,1,415,4,1,8,427.812,20.372,407.44,20.372,9.2
26,3,416,4,1,1,100.9155,4.8055,96.11,4.8055,7.8
67,2,417,2,3,4,190.596,9.076,181.52,9.076,8.7
50,2,418,1,1,1,85.5855,4.0755,81.51,4.0755,9.2
53,3,419,2,1,2,120.162,5.722,114.44,5.722,8.3
88,1,420,1,2,7,185.367,8.827,176.54,8.827,8.2
62,2,421,1,1,3,121.59,5.79,115.8,5.79,7.5
55,2,422,2,2,3,264.7575,12.6075,252.15,12.6075,9.8
5,2,423,1,3,10,1020.705,48.605,972.1,48.605,8.7
36,3,424,3,3,8,213.528,10.168,203.36,10.168,6.7
12,2,425,4,2,1,17.094,0.814,16.28,0.814,5.0
57,3,426,3,2,9,383.7645,18.2745,365.49,18.2745,7.0
19,1,427,3,2,7,390.7995,18.6095,372.19,18.6095,8.9
81,3,428,1,3,3,65.7405,3.1305,62.61,3.1305,8.0
34,3,429,4,2,5,353.1675,16.8175,336.35,16.8175,6.9
2,1,430,1,1,10,951.825,45.325,906.5,45.325,7.3
83,3,431,4,3,2,145.068,6.908,138.16,6.908,6.9
2,2,432,4,1,2,90.867,4.327,86.54,4.327,5.7
51,1,433,2,1,6,147.798,7.038,140.76,7.038,6.4
12,3,434,4,3,7,702.219,33.439,668.78,33.439,9.6
71,3,435,2,3,1,49.812,2.372,47.44,2.372,6.8
36,2,436,4,1,9,937.818,44.658,893.16,44.658,9.0
41,2,437,3,1,4,348.306,16.586,331.72,16.586,9.6
2,1,438,4,3,6,214.137,10.197,203.94,10.197,7.7
2,2,439,3,1,4,71.568,3.408,68.16,3.408,7.0
14,2,440,2,3,8,343.224,16.344,326.88,16.344,6.5
16,2,441,3,2,5,91.56,4.36,87.2,4.36,8.1
24,3,442,1,3,8,742.812,35.372,707.44,35.372,4.3
16,1,443,1,3,9,843.0345,40.1445,802.89,40.1445,6.5
67,2,444,4,1,1,13.419,0.639,12.78,0.639,9.5
16,1,445,2,2,7,140.385,6.685,133.7,6.685,9.7
27,3,446,1,3,1,20.1075,0.9575,19.15,0.9575,9.5
45,2,447,3,3,10,290.43,13.83,276.6,13.83,8.9
25,2,448,4,3,3,144.081,6.861,137.22,6.861,6.5
53,3,449,1,3,1,28.4235,1.3535,27.07,1.3535,5.3
59,3,450,1,3,1,41.076,1.956,39.12,1.956,9.6
18,3,451,2,2,6,470.673,22.413,448.26,22.413,6.7
57,3,452,4,2,6,138.663,6.603,132.06,6.603,7.6
33,1,453,2,1,5,333.9525,15.9025,318.05,15.9025,4.8
3,1,454,4,1,1,26.25,1.25,25.0,1.25,5.5
83,1,455,3,2,4,87.234,4.154,83.08,4.154,4.7
78,3,456,1,2,5,155.19,7.39,147.8,7.39,6.9
43,3,457,1,3,9,731.43,34.83,696.6,34.83,4.5
14,3,458,4,2,10,833.595,39.695,793.9,39.695,6.2
4,2,459,1,2,10,488.985,23.285,465.7,23.285,7.6
56,2,460,4,3,1,37.6845,1.7945,35.89,1.7945,7.9
37,2,461,4,2,5,212.73,10.13,202.6,10.13,4.5
3,3,462,1,3,10,767.025,36.525,730.5,36.525,8.7
37,2,463,2,2,4,310.59,14.79,295.8,14.79,6.1
86,2,464,1,2,1,23.751,1.131,22.62,1.131,6.4
62,1,465,3,3,5,269.535,12.835,256.7,12.835,9.1
23,2,466,1,3,10,572.775,27.275,545.5,27.275,7.1
5,2,467,1,3,7,273.0525,13.0025,260.05,13.0025,7.7
24,3,468,4,2,6,233.226,11.106,222.12,11.106,4.5
58,2,469,4,1,1,22.659,1.079,21.58,1.079,7.2
43,2,470,1,2,1,103.782,4.942,98.84,4.942,8.4
55,2,471,1,1,6,527.751,25.131,502.62,25.131,5.4
26,1,472,1,2,4,168.21,8.01,160.2,8.01,9.7
31,1,473,3,3,10,452.865,21.565,431.3,21.565,5.5
74,3,474,3,2,8,609.588,29.028,580.56,29.028,4.6
74,1,475,1,2,5,338.31,16.11,322.2,16.11,6.6
7,1,476,4,3,3,205.317,9.777,195.54,9.777,6.3
80,1,477,2,3,5,174.615,8.315,166.3,8.315,4.2
38,2,478,4,1,4,353.094,16.814,336.28,16.814,4.4
33,3,479,4,1,10,360.885,17.185,343.7,17.185,6.7
72,1,480,4,1,1,40.53,1.93,38.6,1.93,6.7
31,2,481,4,2,8,554.148,26.388,527.76,26.388,8.4
43,2,482,2,2,10,344.4,16.4,328.0,16.4,6.2
67,1,483,4,1,5,194.985,9.285,185.7,9.285,5.0
13,3,484,3,2,10,633.99,30.19,603.8,30.19,6.0
18,2,485,1,3,10,388.29,18.49,369.8,18.49,7.0
77,3,486,1,1,4,207.858,9.898,197.96,9.898,6.6
39,3,487,2,2,10,431.445,20.545,410.9,20.545,7.3
29,1,488,4,1,4,156.03,7.43,148.6,7.43,8.3
75,2,489,4,2,1,24.108,1.148,22.96,1.148,4.3
88,3,490,1,1,9,734.076,34.956,699.12,34.956,9.8
46,3,491,2,1,2,72.87,3.47,69.4,3.47,8.2
21,1,492,1,3,10,206.43,9.83,196.6,9.83,7.2
20,3,493,1,1,8,212.688,10.128,202.56,10.128,8.7
20,2,494,1,3,10,127.26,6.06,121.2,6.06,8.4
85,3,495,4,1,2,209.769,9.989,199.78,9.989,7.1
81,3,496,4,2,8,637.728,30.368,607.36,30.368,5.5
18,2,497,2,2,2,132.762,6.322,126.44,6.322,8.5
4,2,498,2,2,6,568.512,27.072,541.44,27.072,6.2
19,3,499,1,2,1,103.0365,4.9065,98.13,4.9065,8.9
31,1,500,1,2,8,432.768,20.608,412.16,20.608,9.6
37,3,501,3,3,1,77.6685,3.6985,73.97,3.6985,5.4
1,2,502,1,1,1,33.495,1.595,31.9,1.595,9.1
4,2,503,4,1,2,145.74,6.94,138.8,6.94,9.0
6,3,504,2,2,2,195.951,9.331,186.62,9.331,6.3
7,3,505,4,3,1,92.8725,4.4225,88.45,4.4225,9.5
27,1,506,3,1,8,203.112,9.672,193.44,9.672,9.8
67,3,507,1,2,3,152.775,7.275,145.5,7.275,6.7
72,3,508,2,3,6,529.515,25.215,504.3,25.215,7.7
15,3,509,3,2,5,321.7725,15.3225,306.45,15.3225,7.0
58,2,510,1,3,6,100.485,4.785,95.7,4.785,5.1
66,3,511,1,3,7,666.939,31.759,635.18,31.759,6.2
1,1,512,2,1,5,225.2775,10.7275,214.55,10.7275,6.1
4,1,513,2,1,7,398.958,18.998,379.96,18.998,9.3
87,1,514,4,2,7,731.6925,34.8425,696.85,34.8425,7.6
56,2,515,3,3,7,429.1665,20.4365,408.73,20.4365,8.2
80,2,516,1,1,1,54.0435,2.5735,51.47,2.5735,8.5
15,3,517,3,1,5,288.015,13.715,274.3,13.715,9.8
50,2,518,3,3,5,206.7975,9.8475,196.95,9.8475,8.7
60,1,519,4,1,2,72.933,3.473,69.46,3.473,9.7
30,2,520,3,3,5,377.58,17.98,359.6,17.98,4.3
59,3,521,2,3,3,143.9865,6.8565,137.13,6.8565,7.7
81,2,522,1,2,6,523.971,24.951,499.02,24.951,7.3
11,1,523,1,3,6,235.872,11.232,224.64,11.232,5.9
18,2,524,4,2,2,132.027,6.287,125.74,6.287,5.0
4,1,525,4,3,6,514.773,24.513,490.26,24.513,8.0
7,1,526,1,1,5,479.9025,22.8525,457.05,22.8525,7.1
66,3,527,4,3,4,164.682,7.842,156.84,7.842,9.0
51,3,528,3,1,2,125.706,5.986,119.72,5.986,6.7
14,3,529,1,3,10,570.78,27.18,543.6,27.18,6.1
22,1,530,4,2,9,926.9505,44.1405,882.81,44.1405,9.3
13,1,531,4,1,6,160.209,7.629,152.58,7.629,7.0
47,1,532,3,3,8,728.112,34.672,693.44,34.672,7.2
11,3,533,4,1,10,240.975,11.475,229.5,11.475,8.2
59,2,534,2,1,9,154.1295,7.3395,146.79,7.3395,8.4
17,1,535,2,1,5,148.68,7.08,141.6,7.08,6.2
14,2,536,4,1,7,122.5245,5.8345,116.69,5.8345,7.4
1,3,537,1,3,1,77.658,3.698,73.96,3.698,5.0
38,1,538,4,1,1,102.837,4.897,97.94,4.897,6.9
7,1,539,2,3,4,306.81,14.61,292.2,14.61,4.9
61,2,540,1,1,6,551.124,26.244,524.88,26.244,5.1
50,1,541,4,1,3,96.642,4.602,92.04,4.602,9.1
76,2,542,3,3,1,79.674,3.794,75.88,3.794,7.1
78,3,543,1,3,4,84.756,4.036,80.72,4.036,5.0
27,2,544,3,3,6,118.251,5.631,112.62,5.631,5.5
1,3,545,2,3,1,74.76,3.56,71.2,3.56,9.2
36,3,546,3,1,4,163.002,7.762,155.24,7.762,4.9
53,1,547,2,1,10,308.91,14.71,294.2,14.71,8.9
28,1,548,4,3,9,575.9775,27.4275,548.55,27.4275,6.0
54,3,549,2,2,5,270.585,12.885,257.7,12.885,4.2
55,1,550,2,2,6,416.178,19.818,396.36,19.818,7.3
58,3,551,4,1,3,180.4005,8.5905,171.81,8.5905,6.5
71,3,552,2,2,9,513.2295,24.4395,488.79,24.4395,8.9
64,3,553,2,2,9,550.368,26.208,524.16,26.208,9.7
38,2,554,4,3,6,139.923,6.663,133.26,6.663,8.6
6,1,555,3,2,7,142.002,6.762,135.24,6.762,6.9
41,3,556,4,3,3,118.062,5.622,112.44,5.622,7.7
88,3,557,1,2,2,151.284,7.204,144.08,7.204,9.5
75,2,558,1,1,10,1034.46,49.26,985.2,49.26,4.5
57,1,559,3,1,6,262.458,12.498,249.96,12.498,5.6
15,1,560,1,1,3,228.123,10.863,217.26,10.863,8.2
87,3,561,4,2,9,203.931,9.711,194.22,9.711,7.3
49,2,562,4,3,10,936.6,44.6,892.0,44.6,4.4
75,3,563,2,1,8,356.328,16.968,339.36,16.968,5.7
81,1,564,3,1,6,469.413,22.353,447.06,22.353,5.0
81,3,565,4,2,2,208.425,9.925,198.5,9.925,9.0
30,1,566,2,3,10,852.705,40.605,812.1,40.605,6.3
37,2,567,2,3,10,517.965,24.665,493.3,24.665,9.4
18,1,568,2,2,9,621.243,29.583,591.66,29.583,7.7
9,3,569,2,3,7,586.971,27.951,559.02,27.951,5.5
23,2,570,2,1,7,543.753,25.893,517.86,25.893,4.1
7,3,571,1,3,5,430.71,20.51,410.2,20.51,7.6
72,3,572,3,2,10,280.035,13.335,266.7,13.335,8.6
25,1,573,3,1,7,74.4555,3.5455,70.91,3.5455,8.3
51,3,574,4,3,2,152.019,7.239,144.78,7.239,8.1
24,1,575,4,3,5,451.0275,21.4775,429.55,21.4775,8.6
60,3,576,3,1,7,597.6285,28.4585,569.17,28.4585,6.3
10,3,577,4,2,4,253.26,12.06,241.2,12.06,5.8
79,2,578,4,1,4,133.434,6.354,127.08,6.354,6.2
59,1,579,2,2,4,269.934,12.854,257.08,12.854,7.7
60,3,580,4,1,2,145.971,6.951,139.02,6.951,8.1
28,2,581,4,2,3,85.743,4.083,81.66,4.083,7.3
61,1,582,1,2,4,326.256,15.536,310.72,15.536,8.4
78,2,583,1,3,2,195.258,9.298,185.96,9.298,8.0
79,3,584,1,3,4,75.936,3.616,72.32,3.616,9.5
65,3,585,4,1,3,198.639,9.459,189.18,9.459,7.0
12,1,586,4,3,4,217.182,10.342,206.84,10.342,9.8
40,1,587,2,2,3,164.871,7.851,157.02,7.851,9.2
88,1,588,2,1,5,226.065,10.765,215.3,10.765,7.7
87,2,589,4,2,10,625.905,29.805,596.1,29.805,5.3
32,1,590,4,2,5,76.755,3.655,73.1,3.655,4.4
3,2,591,3,3,6,293.139,13.959,279.18,13.959,4.3
4,2,592,1,1,7,178.164,8.484,169.68,8.484,9.4
14,1,593,1,2,1,47.859,2.279,45.58,2.279,9.8
64,1,594,1,1,3,236.88,11.28,225.6,11.28,4.8
21,3,595,3,2,3,304.92,14.52,290.4,14.52,5.3
60,3,596,4,3,3,46.683,2.223,44.46,2.223,8.7
43,1,597,4,3,3,164.43,7.83,156.6,7.83,9.5
22,2,598,2,1,9,440.937,20.997,419.94,20.997,5.3
54,2,599,2,2,5,193.4625,9.2125,184.25,9.2125,9.2
63,1,600,1,1,2,147.672,7.032,140.64,7.032,9.6
55,2,601,4,1,1,87.234,4.154,83.08,4.154,6.4
54,2,602,2,3,1,68.2395,3.2495,64.99,3.2495,4.5
87,2,603,4,1,10,814.38,38.78,775.6,38.78,6.9
86,3,604,2,1,6,343.413,16.353,327.06,16.353,7.8
67,2,605,1,2,7,381.3915,18.1615,363.23,18.1615,4.5
5,3,606,4,2,4,133.35,6.35,127.0,6.35,8.6
35,1,607,1,1,7,394.3275,18.7775,375.55,18.7775,5.2
62,2,608,1,3,4,209.118,9.958,199.16,9.958,6.4
55,1,609,4,1,1,32.1405,1.5305,30.61,1.5305,5.2
30,3,610,3,1,2,121.569,5.789,115.78,5.789,8.9
14,1,611,2,3,1,30.408,1.448,28.96,1.448,6.2
12,2,612,1,2,9,935.2665,44.5365,890.73,44.5365,6.7
47,3,613,3,2,3,293.643,13.983,279.66,13.983,7.2
65,2,614,3,3,1,84.9765,4.0465,80.93,4.0465,9.0
37,1,615,3,1,10,708.225,33.725,674.5,33.725,4.2
81,1,616,1,1,9,365.904,17.424,348.48,17.424,4.2
51,3,617,3,2,6,457.38,21.78,435.6,21.78,6.9
87,2,618,3,1,5,461.5275,21.9775,439.55,21.9775,4.4
55,1,619,3,3,6,620.739,29.559,591.18,29.559,4.0
14,2,620,1,1,6,273.798,13.038,260.76,13.038,8.5
62,1,621,2,3,3,225.792,10.752,215.04,10.752,9.2
81,1,622,1,2,1,96.1905,4.5805,91.61,4.5805,9.8
30,3,623,1,3,7,695.2365,33.1065,662.13,33.1065,4.9
53,3,624,2,3,10,874.125,41.625,832.5,41.625,4.4
70,3,625,3,2,1,95.9175,4.5675,91.35,4.5675,6.8
54,3,626,1,2,2,165.648,7.888,157.76,7.888,9.1
12,1,627,4,1,2,127.827,6.087,121.74,6.087,8.7
87,3,628,3,2,10,867.09,41.29,825.8,41.29,5.0
26,1,629,3,1,3,167.895,7.995,159.9,7.995,7.5
54,1,630,2,3,1,12.6945,0.6045,12.09,0.6045,8.2
65,1,631,4,3,10,673.995,32.095,641.9,32.095,6.7
20,1,632,4,1,3,246.6765,11.7465,234.93,11.7465,5.4
16,1,633,3,3,2,175.917,8.377,167.54,8.377,7.0
80,3,634,4,1,3,314.055,14.955,299.1,14.955,4.7
81,3,635,3,3,3,251.7165,11.9865,239.73,11.9865,5.0
16,3,636,3,3,10,697.935,33.235,664.7,33.235,5.0
3,1,637,4,3,7,212.7825,10.1325,202.65,10.1325,6.0
36,2,638,2,2,1,48.51,2.31,46.2,2.31,6.3
2,3,639,1,2,5,92.5575,4.4075,88.15,4.4075,8.5
34,3,640,4,1,3,165.123,7.863,157.26,7.863,7.5
56,3,641,1,1,3,311.1885,14.8185,296.37,14.8185,6.4
36,2,642,1,1,8,743.82,35.42,708.4,35.42,4.7
40,3,643,3,1,2,116.907,5.567,111.34,5.567,6.0
74,2,644,1,3,8,609.168,29.008,580.16,29.008,4.0
70,2,645,3,1,5,63.2625,3.0125,60.25,3.0125,5.5
69,1,646,3,1,9,182.952,8.712,174.24,8.712,8.7
74,2,647,4,2,6,442.323,21.063,421.26,21.063,7.4
81,3,648,3,2,1,35.3115,1.6815,33.63,1.6815,5.6
66,2,649,1,2,2,32.529,1.549,30.98,1.549,6.3
8,2,650,4,2,10,259.77,12.37,247.4,12.37,7.1
16,3,651,4,1,5,397.215,18.915,378.3,18.915,7.8
50,3,652,2,2,6,351.603,16.743,334.86,16.743,9.9
37,1,653,3,2,10,764.19,36.39,727.8,36.39,7.3
44,3,654,3,1,9,352.674,16.794,335.88,16.794,5.1
70,3,655,3,3,4,252.756,12.036,240.72,12.036,9.4
87,1,656,2,3,3,49.4235,2.3535,47.07,2.3535,5.8
34,2,657,2,3,1,104.6745,4.9845,99.69,4.9845,8.0
69,1,658,1,1,3,277.6725,13.2225,264.45,13.2225,7.9
72,1,659,1,2,5,146.6325,6.9825,139.65,6.9825,5.9
85,1,660,3,3,1,58.2225,2.7725,55.45,2.7725,4.9
37,3,661,2,2,3,135.3555,6.4455,128.91,6.4455,9.3
66,2,662,3,3,7,125.979,5.999,119.98,5.999,7.9
63,3,663,1,3,6,370.125,17.625,352.5,17.625,5.9
13,2,664,1,3,10,914.55,43.55,871.0,43.55,9.9
82,2,665,2,2,2,207.48,9.88,197.6,9.88,7.7
88,1,666,2,1,4,204.246,9.726,194.52,9.726,7.6
10,3,667,3,1,3,181.881,8.661,173.22,8.661,7.7
56,3,668,2,1,4,75.474,3.594,71.88,3.594,6.4
70,2,669,1,1,6,300.573,14.313,286.26,14.313,4.4
30,3,670,2,3,2,85.302,4.062,81.24,4.062,4.1
79,1,671,3,1,10,588.42,28.02,560.4,28.02,4.4
74,3,672,3,2,2,196.14,9.34,186.8,9.34,5.5
23,3,673,2,1,3,231.2415,11.0115,220.23,11.0115,4.0
43,2,674,4,3,8,282.576,13.456,269.12,13.456,9.3
60,1,675,2,3,10,477.54,22.74,454.8,22.74,4.8
8,3,676,3,2,2,175.917,8.377,167.54,8.377,4.6
89,3,677,1,3,7,470.988,22.428,448.56,22.428,7.3
56,1,678,1,2,4,308.574,14.694,293.88,14.694,6.0
14,2,679,4,1,10,618.975,29.475,589.5,29.475,8.1
84,1,680,3,1,6,305.55,14.55,291.0,14.55,9.4
13,3,681,1,2,1,41.454,1.974,39.48,1.974,6.5
79,3,682,2,3,1,36.5505,1.7405,34.81,1.7405,7.0
52,2,683,2,1,6,310.716,14.796,295.92,14.796,7.1
34,1,684,3,1,2,45.108,2.148,42.96,2.148,6.6
47,3,685,1,1,6,145.404,6.924,138.48,6.924,4.9
67,3,686,1,3,2,103.11,4.91,98.2,4.91,6.4
67,3,687,1,3,2,136.143,6.483,129.66,6.483,8.0
66,1,688,3,2,10,667.38,31.78,635.6,31.78,4.3
46,2,689,3,2,2,153.048,7.288,145.76,7.288,6.1
43,1,690,2,2,3,211.365,10.065,201.3,10.065,7.5
26,2,691,1,2,9,663.2955,31.5855,631.71,31.5855,6.7
42,2,692,3,1,7,404.544,19.264,385.28,19.264,5.2
32,1,693,3,2,10,510.615,24.315,486.3,24.315,8.8
35,2,694,1,2,7,539.343,25.683,513.66,25.683,9.5
66,2,695,2,2,9,497.07,23.67,473.4,23.67,7.6
72,1,696,1,2,5,458.6925,21.8425,436.85,21.8425,6.6
18,1,697,1,1,4,113.568,5.408,108.16,5.408,6.9
48,3,698,4,1,4,261.198,12.438,248.76,12.438,4.3
89,1,699,3,3,9,657.531,31.311,626.22,31.311,7.8
53,2,700,4,1,10,1023.75,48.75,975.0,48.75,8.0
14,2,701,2,1,8,507.444,24.164,483.28,24.164,9.6
40,3,702,4,3,3,101.808,4.848,96.96,4.848,4.3
34,3,703,1,3,10,207.585,9.885,197.7,9.885,5.0
48,3,704,3,2,9,760.4415,36.2115,724.23,36.2115,9.2
23,3,705,1,2,9,835.2855,39.7755,795.51,39.7755,6.3
15,3,706,4,2,7,527.5095,25.1195,502.39,25.1195,8.9
83,3,707,2,1,4,180.6,8.6,172.0,8.6,7.6
19,2,708,3,2,1,72.429,3.449,68.98,3.449,4.8
41,2,709,4,1,8,131.208,6.248,124.96,6.248,9.1
30,1,710,4,1,3,80.955,3.855,77.1,3.855,6.1
39,1,711,3,2,6,507.906,24.186,483.72,24.186,9.1
36,2,712,1,1,4,317.226,15.106,302.12,15.106,8.3
89,2,713,2,1,9,733.6035,34.9335,698.67,34.9335,7.2
88,2,714,2,1,9,130.8825,6.2325,124.65,6.2325,6.0
83,2,715,3,1,8,829.08,39.48,789.6,39.48,8.5
11,1,716,2,3,5,187.32,8.92,178.4,8.92,6.6
62,1,717,1,1,7,525.231,25.011,500.22,25.011,4.5
65,1,718,3,3,3,37.611,1.791,35.82,1.791,8.1
22,1,719,4,3,3,142.947,6.807,136.14,6.807,7.2
69,3,720,1,3,6,110.124,5.244,104.88,5.244,6.1
31,3,721,2,2,7,187.866,8.946,178.92,8.946,7.1
69,2,722,1,2,9,856.4535,40.7835,815.67,40.7835,5.1
80,3,723,4,3,3,138.978,6.618,132.36,6.618,7.9
84,2,724,1,2,7,270.2595,12.8695,257.39,12.8695,7.4
88,3,725,3,1,4,98.028,4.668,93.36,4.668,7.4
11,2,726,1,2,8,239.4,11.4,228.0,11.4,6.6
67,2,727,3,3,3,175.0455,8.3355,166.71,8.3355,5.9
20,3,728,4,3,10,732.27,34.87,697.4,34.87,8.9
33,2,729,4,1,4,408.492,19.452,389.04,19.452,6.8
12,3,730,1,2,7,383.523,18.263,365.26,18.263,9.3
60,1,731,1,3,4,93.744,4.464,89.28,4.464,4.4
39,1,732,4,1,3,176.4,8.4,168.0,8.4,4.8
5,1,733,3,1,1,20.685,0.985,19.7,0.985,9.5
47,3,734,4,1,7,557.718,26.558,531.16,26.558,8.9
60,3,735,3,1,1,56.406,2.686,53.72,2.686,6.4
25,2,736,3,3,10,860.475,40.975,819.5,40.975,6.0
29,2,737,1,3,7,596.82,28.42,568.4,28.42,8.1
72,2,738,4,1,10,616.98,29.38,587.6,29.38,9.0
53,3,739,3,1,8,769.104,36.624,732.48,36.624,6.0
81,1,740,4,2,9,887.922,42.282,845.64,42.282,9.8
29,2,741,4,2,7,408.7335,19.4635,389.27,19.4635,8.5
79,2,742,4,1,1,89.0715,4.2415,84.83,4.2415,8.8
13,1,743,1,1,2,150.423,7.163,143.26,7.163,8.8
10,1,744,3,1,2,79.149,3.769,75.38,3.769,9.5
57,2,745,1,3,8,266.028,12.668,253.36,12.668,5.6
31,2,746,1,2,1,40.341,1.921,38.42,1.921,8.6
67,3,747,3,3,10,684.915,32.615,652.3,32.615,5.2
75,2,748,1,3,5,55.2825,2.6325,52.65,2.6325,5.8
59,3,749,1,3,9,116.1405,5.5305,110.61,5.5305,8.0
16,2,750,3,2,7,597.0405,28.4305,568.61,28.4305,9.0
87,3,731,1,1,4,93.744,4.464,89.28,4.464,4.1
37,1,751,2,3,5,143.22,6.82,136.4,6.82,8.6
71,1,752,1,1,10,182.91,8.71,174.2,8.71,7.0
47,3,753,4,1,5,384.72,18.32,366.4,18.32,8.4
26,2,754,1,1,3,267.3405,12.7305,254.61,12.7305,7.4
12,1,755,2,3,8,817.236,38.916,778.32,38.916,6.2
22,3,756,1,1,8,300.216,14.296,285.92,14.296,4.9
84,1,757,2,2,6,608.076,28.956,579.12,28.956,4.5
34,1,758,3,1,10,197.925,9.425,188.5,9.425,5.6
6,1,759,2,1,4,232.638,11.078,221.56,11.078,8.0
49,3,760,1,3,10,810.6,38.6,772.0,38.6,5.6
83,3,761,4,3,10,757.365,36.065,721.3,36.065,4.2
41,1,762,1,1,8,536.592,25.552,511.04,25.552,9.9
59,1,763,1,1,5,56.1225,2.6725,53.45,2.6725,7.6
41,1,764,3,3,4,233.1,11.1,222.0,11.1,6.6
20,3,765,2,1,8,801.864,38.184,763.68,38.184,4.7
1,2,766,2,3,3,239.589,11.409,228.18,11.409,9.8
78,3,767,4,2,6,86.247,4.107,82.14,4.107,6.3
33,3,768,2,2,4,401.688,19.128,382.56,19.128,7.9
16,1,769,2,2,6,72.009,3.429,68.58,3.429,7.7
85,3,770,1,1,4,401.268,19.108,382.16,19.108,4.5
34,2,771,1,3,7,631.1445,30.0545,601.09,30.0545,8.0
22,2,772,1,1,7,499.7265,23.7965,475.93,23.7965,5.7
11,2,773,2,3,1,55.041,2.621,52.42,2.621,6.3
30,2,774,3,2,2,137.865,6.565,131.3,6.565,6.0
50,3,775,2,3,5,151.515,7.215,144.3,7.215,8.0
20,2,776,3,3,7,480.0285,22.8585,457.17,22.8585,4.2
76,3,777,4,2,1,98.049,4.669,93.38,4.669,9.6
81,2,778,3,2,5,132.5625,6.3125,126.25,6.3125,6.1
83,3,779,3,1,9,830.3715,39.5415,790.83,39.5415,5.6
89,2,780,4,2,8,183.12,8.72,174.4,8.72,8.3
49,1,781,2,1,4,397.992,18.952,379.04,18.952,7.8
64,1,782,1,3,1,32.151,1.531,30.62,1.531,4.1
3,2,783,2,2,8,369.684,17.604,352.08,17.604,8.8
8,2,784,1,1,5,53.34,2.54,50.8,2.54,4.1
88,1,785,4,3,7,548.163,26.103,522.06,26.103,9.0
89,2,786,4,1,8,603.876,28.756,575.12,28.756,5.5
55,2,787,2,3,5,57.6975,2.7475,54.95,2.7475,9.3
79,2,788,3,3,3,190.4805,9.0705,181.41,9.0705,5.6
30,1,789,4,1,7,432.9885,20.6185,412.37,20.6185,9.7
3,1,790,4,3,1,48.7305,2.3205,46.41,2.3205,4.0
43,2,791,3,3,4,287.91,13.71,274.2,13.71,9.2
16,3,792,2,3,10,1022.385,48.685,973.7,48.685,4.9
34,1,793,3,3,7,680.61,32.41,648.2,32.41,9.3
85,1,794,2,3,2,97.881,4.661,93.22,4.661,6.6
21,3,795,4,1,2,57.078,2.718,54.36,2.718,4.3
47,2,796,1,2,1,63.9135,3.0435,60.87,3.0435,5.5
71,1,797,1,2,10,257.145,12.245,244.9,12.245,8.1
21,3,798,4,3,1,97.419,4.639,92.78,4.639,9.8
49,2,799,3,1,5,455.1225,21.6725,433.45,21.6725,9.4
53,3,800,4,1,6,144.963,6.903,138.06,6.903,7.9
3,2,801,1,1,8,253.68,12.08,241.6,12.08,5.1
29,2,802,3,1,7,495.3165,23.5865,471.73,23.5865,6.9
32,1,803,1,2,9,462.672,22.032,440.64,22.032,8.0
56,3,804,1,2,9,714.3255,34.0155,680.31,34.0155,8.0
86,1,805,2,2,4,325.374,15.494,309.88,15.494,4.2
66,1,806,2,3,2,195.678,9.318,186.36,9.318,8.5
67,1,807,2,2,4,210.966,10.046,200.92,10.046,9.0
79,3,808,2,2,1,18.6375,0.8875,17.75,0.8875,8.6
83,2,809,2,1,10,652.89,31.09,621.8,31.09,6.0
21,3,810,4,1,8,90.3,4.3,86.0,4.3,6.2
8,1,811,2,3,10,422.73,20.13,402.6,20.13,5.0
5,2,812,1,3,5,341.0925,16.2425,324.85,16.2425,6.5
24,1,813,4,2,1,99.9075,4.7575,95.15,4.7575,6.0
47,1,814,1,2,8,408.408,19.448,388.96,19.448,5.0
87,3,815,2,1,8,446.964,21.284,425.68,21.284,5.0
55,2,816,2,2,7,333.984,15.904,318.08,15.904,9.2
65,1,817,4,1,8,284.592,13.552,271.04,13.552,9.6
4,3,818,3,3,4,403.872,19.232,384.64,19.232,8.4
37,3,819,3,3,5,247.59,11.79,235.8,11.79,6.0
6,3,174,4,1,4,222.138,10.578,211.56,10.578,6.7
8,1,820,1,3,2,100.128,4.768,95.36,4.768,4.1
14,2,821,3,2,1,10.6785,0.5085,10.17,0.5085,5.9
32,1,822,2,2,3,216.4365,10.3065,206.13,10.3065,8.7
45,3,823,1,3,7,441.588,21.028,420.56,21.028,4.5
72,1,824,1,3,4,92.442,4.402,88.04,4.402,6.6
27,3,825,1,3,9,681.4395,32.4495,648.99,32.4495,7.7
59,1,826,3,3,3,130.032,6.192,123.84,6.192,8.5
63,2,827,4,2,10,681.975,32.475,649.5,32.475,5.2
18,1,828,1,3,10,779.31,37.11,742.2,37.11,4.3
47,1,829,4,2,8,88.704,4.224,84.48,4.224,7.6
7,3,830,4,2,4,262.794,12.514,250.28,12.514,9.5
52,3,831,1,2,8,99.54,4.74,94.8,4.74,4.1
45,1,832,3,1,1,95.865,4.565,91.3,4.565,9.2
42,3,833,1,1,7,299.3655,14.2555,285.11,14.2555,5.4
59,1,834,4,2,1,54.999,2.619,52.38,2.619,5.8
52,1,835,3,1,5,202.335,9.635,192.7,9.635,5.6
57,3,836,4,3,6,281.169,13.389,267.78,13.389,5.1
16,2,837,4,2,10,586.635,27.935,558.7,27.935,5.8
18,2,838,1,1,6,184.086,8.766,175.32,8.766,5.0
43,1,839,4,2,3,163.611,7.791,155.82,7.791,7.9
39,3,840,4,2,1,63.315,3.015,60.3,3.015,6.0
23,1,841,1,3,2,82.887,3.947,78.94,3.947,5.0
78,2,842,1,3,2,31.227,1.487,29.74,1.487,8.9
54,1,843,4,2,1,22.386,1.066,21.32,1.066,5.9
75,1,844,3,3,3,295.407,14.067,281.34,14.067,5.9
4,1,845,3,1,1,76.923,3.663,73.26,3.663,9.7
75,2,846,2,3,1,23.499,1.119,22.38,1.119,8.6
67,2,847,1,2,9,688.716,32.796,655.92,32.796,4.0
65,1,848,2,2,6,624.33,29.73,594.6,29.73,4.2
26,1,849,4,2,1,77.805,3.705,74.1,3.705,9.2
89,1,850,2,1,2,206.808,9.848,196.96,9.848,9.2
79,2,851,4,1,7,390.9465,18.6165,372.33,18.6165,5.0
7,3,852,2,1,10,554.295,26.395,527.9,26.395,10.0
55,1,853,1,1,5,503.7375,23.9875,479.75,23.9875,8.8
70,3,854,2,2,9,345.0195,16.4295,328.59,16.4295,4.2
18,3,855,4,2,8,177.408,8.448,168.96,8.448,6.3
38,1,856,1,2,4,118.902,5.662,113.24,5.662,8.2
43,3,857,4,2,6,362.817,17.277,345.54,17.277,5.1
55,1,858,1,2,9,450.1035,21.4335,428.67,21.4335,5.0
10,2,859,1,1,1,90.5835,4.3135,86.27,4.3135,7.0
67,1,860,3,1,2,26.796,1.276,25.52,1.276,7.8
86,3,861,2,3,9,106.596,5.076,101.52,5.076,4.3
53,3,862,2,2,7,375.3645,17.8745,357.49,17.8745,7.0
67,1,863,1,2,3,250.7085,11.9385,238.77,11.9385,6.6
54,2,864,3,1,3,106.5015,5.0715,101.43,5.0715,7.3
21,3,865,3,3,8,760.452,36.212,724.24,36.212,6.5
30,2,866,1,1,2,131.922,6.282,125.64,6.282,4.9
67,2,867,3,3,3,76.5765,3.6465,72.93,3.6465,4.3
48,1,868,4,1,4,271.278,12.918,258.36,12.918,9.3
70,1,869,3,3,7,182.427,8.687,173.74,8.687,7.1
46,2,870,4,1,1,59.325,2.825,56.5,2.825,9.6
27,3,871,1,2,10,225.015,10.715,214.3,10.715,6.2
69,1,872,3,2,6,561.078,26.718,534.36,26.718,9.9
36,1,873,3,3,4,97.818,4.658,93.16,4.658,5.9
21,2,874,4,1,8,548.184,26.104,522.08,26.104,6.3
13,2,875,3,2,1,54.9675,2.6175,52.35,2.6175,4.0
7,3,876,3,2,1,41.7375,1.9875,39.75,1.9875,6.1
77,1,877,2,3,8,756.168,36.008,720.16,36.008,4.5
65,3,878,1,1,8,101.64,4.84,96.8,4.84,8.6
67,3,879,1,1,10,348.705,16.605,332.1,16.605,6.0
74,2,880,1,3,8,85.512,4.072,81.44,4.072,9.5
10,3,881,3,3,10,335.895,15.995,319.9,15.995,9.9
74,1,138,1,1,6,216.846,10.326,206.52,10.326,7.5
36,1,882,1,2,2,175.014,8.334,166.68,8.334,7.6
51,1,593,4,2,7,335.013,15.953,319.06,15.953,5.0
64,1,883,3,1,1,92.295,4.395,87.9,4.395,6.7
29,1,884,1,1,10,771.435,36.735,734.7,36.735,9.5
46,2,885,2,1,8,102.396,4.876,97.52,4.876,6.8
86,1,886,3,1,10,807.66,38.46,769.2,38.46,5.6
82,2,887,2,2,5,439.215,20.915,418.3,20.915,7.2
14,3,888,2,2,8,486.444,23.164,463.28,23.164,8.1
23,2,889,1,3,5,485.5725,23.1225,462.45,23.1225,8.6
44,3,890,4,2,5,148.995,7.095,141.9,7.095,9.4
11,3,891,3,3,6,317.835,15.135,302.7,15.135,8.9
27,3,892,4,3,8,832.944,39.664,793.28,39.664,4.2
69,2,893,4,1,7,446.439,21.259,425.18,21.259,5.0
64,2,894,1,2,6,297.801,14.181,283.62,14.181,8.8
23,2,895,3,2,7,629.16,29.96,599.2,29.96,5.3
58,1,896,3,1,9,331.128,15.768,315.36,15.768,4.6
79,2,897,1,3,9,423.738,20.178,403.56,20.178,7.5
58,3,898,4,1,4,193.074,9.194,183.88,9.194,5.1
59,1,899,1,3,5,145.5825,6.9325,138.65,6.9325,4.2
27,1,900,4,2,7,84.7455,4.0355,80.71,4.0355,8.1
45,2,901,2,1,2,122.472,5.832,116.64,5.832,6.0
63,2,298,1,2,4,329.196,15.676,313.52,15.676,7.9
58,2,902,4,3,10,888.405,42.305,846.1,42.305,8.8
63,3,903,2,3,5,435.12,20.72,414.4,20.72,6.6
40,1,904,1,1,2,167.034,7.954,159.08,7.954,6.2
4,3,905,2,3,10,514.605,24.505,490.1,24.505,4.2
40,3,906,1,3,3,91.8225,4.3725,87.45,4.3725,7.3
65,2,907,2,1,4,235.746,11.226,224.52,11.226,8.6
14,1,908,2,2,8,782.208,37.248,744.96,37.248,6.8
83,1,909,3,1,8,431.256,20.536,410.72,20.536,7.6
7,1,910,1,2,3,313.74,14.94,298.8,14.94,5.8
31,2,911,2,2,6,223.587,10.647,212.94,10.647,4.1
87,2,912,3,3,1,44.9925,2.1425,42.85,2.1425,9.3
17,1,913,2,2,4,397.614,18.934,378.68,18.934,6.8
71,3,914,4,1,3,217.2555,10.3455,206.91,10.3455,8.7
23,3,371,1,1,3,82.719,3.939,78.78,3.939,6.3
25,2,915,1,3,9,338.2155,16.1055,322.11,16.1055,5.1
5,3,916,2,2,6,103.131,4.911,98.22,4.911,7.0
71,2,917,1,3,2,26.733,1.273,25.46,1.273,5.2
9,2,918,2,3,7,611.079,29.099,581.98,29.099,6.6
87,2,919,1,1,6,221.886,10.566,211.32,10.566,6.5
9,3,920,2,1,4,57.876,2.756,55.12,2.756,9.0
43,3,921,3,3,1,92.7255,4.4155,88.31,4.4155,5.2
51,1,922,1,3,9,374.409,17.829,356.58,17.829,6.8
43,3,923,2,3,9,833.9625,39.7125,794.25,39.7125,7.6
23,3,924,4,1,2,53.151,2.531,50.62,2.531,7.2
63,3,925,4,1,6,629.496,29.976,599.52,29.976,7.1
31,2,926,1,3,2,175.035,8.335,166.7,8.335,9.5
34,1,927,2,1,10,781.62,37.22,744.4,37.22,5.1
41,2,928,4,1,7,470.988,22.428,448.56,22.428,7.6
76,3,929,2,1,6,397.845,18.945,378.9,18.945,9.8
47,2,930,3,1,3,270.018,12.858,257.16,12.858,5.1
1,2,931,2,1,7,579.8415,27.6115,552.23,27.6115,7.5
74,1,932,2,2,5,469.77,22.37,447.4,22.37,7.4
22,1,933,1,2,3,290.0835,13.8135,276.27,13.8135,4.2
77,2,934,2,1,6,360.927,17.187,343.74,17.187,5.9
23,1,935,4,1,4,279.384,13.304,266.08,13.304,6.9
40,2,301,3,2,9,943.299,44.919,898.38,44.919,6.6
65,1,936,2,1,10,479.64,22.84,456.8,22.84,5.7
89,1,937,4,3,5,266.6475,12.6975,253.95,12.6975,5.3
62,1,938,3,2,7,74.088,3.528,70.56,3.528,4.2
1,1,939,2,3,7,690.018,32.858,657.16,32.858,7.3
59,2,940,3,3,2,176.925,8.425,168.5,8.425,5.3
37,3,941,3,1,1,56.469,2.689,53.78,2.689,4.7
11,2,942,3,1,5,188.0025,8.9525,179.05,8.9525,7.9
8,3,943,2,1,8,222.012,10.572,211.44,10.572,8.9
82,3,944,3,1,3,125.7165,5.9865,119.73,5.9865,9.3
52,3,945,1,1,3,68.985,3.285,65.7,3.285,4.7
7,3,946,1,1,4,263.97,12.57,251.4,12.57,8.7
51,2,947,1,2,4,88.368,4.208,84.16,4.208,7.6
58,3,948,3,2,6,415.233,19.773,395.46,19.773,5.7
48,1,949,2,2,7,312.8895,14.8995,297.99,14.8995,6.8
9,2,950,3,2,9,477.1305,22.7205,454.41,22.7205,5.4
14,3,951,4,2,6,289.926,13.806,276.12,13.806,7.1
52,2,952,2,2,10,165.9,7.9,158.0,7.9,7.8
89,1,953,1,2,9,932.337,44.397,887.94,44.397,8.4
80,2,954,3,2,1,96.579,4.599,91.98,4.599,9.8
64,1,955,3,2,2,43.869,2.089,41.78,2.089,9.8
36,1,956,2,3,1,16.275,0.775,15.5,0.775,7.4
74,2,957,3,2,3,304.983,14.523,290.46,14.523,6.7
54,3,958,4,3,2,69.993,3.333,66.66,3.333,6.4
23,3,959,2,3,2,80.367,3.827,76.54,3.827,5.8
32,1,960,2,1,9,314.685,14.985,299.7,14.985,7.2
51,1,961,3,3,3,255.1815,12.1515,243.03,12.1515,9.3
6,1,962,2,2,3,49.77,2.37,47.4,2.37,9.5
17,3,963,1,3,5,181.0725,8.6225,172.45,8.6225,9.0
18,3,964,1,3,10,888.615,42.315,846.3,42.315,9.0
35,3,965,3,1,7,271.2885,12.9185,258.37,12.9185,6.7
54,3,966,4,2,7,640.038,30.478,609.56,30.478,5.5
49,1,967,4,2,3,252.252,12.012,240.24,12.012,5.4
14,2,968,4,2,2,180.873,8.613,172.26,8.613,8.2
44,3,969,3,3,2,104.832,4.992,99.84,4.992,7.0
32,1,970,2,2,4,313.572,14.932,298.64,14.932,8.5
85,3,971,3,1,6,167.58,7.98,159.6,7.98,4.9
25,3,972,2,3,1,26.7225,1.2725,25.45,1.2725,5.1
88,3,973,2,3,1,71.1585,3.3885,67.77,3.3885,6.5
65,2,974,3,2,4,250.278,11.918,238.36,11.918,9.8
55,1,975,4,2,4,244.23,11.63,232.6,11.63,8.4
87,1,976,1,1,9,921.186,43.866,877.32,43.866,7.4
55,2,977,4,2,7,734.706,34.986,699.72,34.986,6.1
52,2,978,4,2,7,708.3195,33.7295,674.59,33.7295,6.0
14,3,979,2,1,5,334.4775,15.9275,318.55,15.9275,8.5
68,3,980,2,1,2,30.996,1.476,29.52,1.476,4.3
76,3,981,3,3,8,520.8,24.8,496.0,24.8,6.2
15,2,982,3,1,10,864.57,41.17,823.4,41.17,4.3
27,3,983,3,3,8,633.108,30.148,602.96,30.148,8.4
24,1,984,2,3,5,296.94,14.14,282.8,14.14,4.5
47,3,985,2,1,10,804.3,38.3,766.0,38.3,6.0
25,1,986,4,1,2,121.863,5.803,116.06,5.803,8.8
71,3,987,4,1,10,183.645,8.745,174.9,8.745,6.6
68,2,988,1,1,1,63.9975,3.0475,60.95,3.0475,5.9
72,2,989,4,1,1,42.3675,2.0175,40.35,2.0175,6.2
23,3,990,2,1,10,1022.49,48.69,973.8,48.69,4.4
58,1,991,3,2,1,33.432,1.592,31.84,1.592,7.7
71,1,992,4,2,1,69.111,3.291,65.82,3.291,4.1
68,1,993,1,2,7,649.299,30.919,618.38,30.919,6.6
